name,price
BAPE 1ST CAMO COLLEGE TEE - WHITE,$99
BAPE 1ST CAMO BEACH SHORTS,$195
BAPE 1ST CAMO BEACH SHORTS,$195
BAPE 1ST CAMO BEACH TOWEL,$115
BAPE 1ST CAMO BEACH TOWEL,$115
BAPE 1ST CAMO DU-RAG,$85
BAPE 1ST CAMO DU-RAG,$85
GS AJ 5 RETRO - BLACK/ NEWEMERALD/ FIRERED/ GRAPEICE,$150
CONVERSE X POP TRADING CO JACK PURCELL PRO PTC OX - EGRET/RED,$75
CONVERSE X POP TRADING CO JACK PURCELL PRO PTC HI - NAVY/CITRU,$80
ULTRABOOST 1.0 - FTWWHT/ SILVMT,$180
CONVERSE X UNDEFEATED CHUCK 70 HI - BLACK/ NATURALIVORY,$90
CONVERSE X UNDEFEATED CHUCK 70 HI - NATURAL/ FIERYRED,$90
UNDEFEATED LIGHTWEIGHT BASEBALL JACKET,$85
UNDEFEATED LIGHTWEIGHT BASEBALL JACKET,$85
UNDEFEATED OVERSIZED S/S POCKET TEE,$50
UNDEFEATED OVERSIZED S/S POCKET TEE,$50
UNDEFEATED ATHLTC DEPT BASKETBALL JERSEY,$45
UNDEFEATED ATHLTC DEPT BASKETBALL JERSEY,$45
UNDEFEATED CLASSIC SWIM TRUNK,$85
UNDEFEATED CLASSIC SWIM TRUNK,$85
UNDEFEATED CLASSIC SWIM TRUNK,$85
UNDEFEATED ATHLTC DEPT BASKETBALL SHORT,$65
UNDEFEATED ATHLTC DEPT BASKETBALL SHORT,$65
UNDEFEATED PRINTED BAGGY SHORT,$75
UNDEFEATED PRINTED BAGGY SHORT,$75
UNDEFEATED ATHLETICS S/S TEE,$36
UNDEFEATED ATHLETICS S/S TEE,$36
UNDEFEATED ATHLETICS S/S TEE,$36
UNDEFEATED ATHLETICS S/S TEE,$36
UNDEFEATED TENNIS MASTER S/S TEE,$36
UNDEFEATED TENNIS MASTER S/S TEE,$36
UNDEFEATED TENNIS MASTER S/S TEE,$36
UNDEFEATED TENNIS MASTER S/S TEE,$36
UNDEFEATED PITCHER S/S TEE,$36
UNDEFEATED PITCHER S/S TEE,$36
UNDEFEATED PITCHER S/S TEE,$36
UNDEFEATED PITCHER S/S TEE,$36
UNDEFEATED TORCH RUN S/S TEE,$36
UNDEFEATED TORCH RUN S/S TEE,$36
UNDEFEATED TORCH RUN S/S TEE,$36
UNDEFEATED TORCH RUN S/S TEE,$36
UNDEFEATED CYCLING S/S TEE,$36
UNDEFEATED CYCLING S/S TEE,$36
UNDEFEATED CYCLING S/S TEE,$36
UNDEFEATED CYCLING S/S TEE,$36
UNDEFEATED ELASTIC CAMP HAT,$34
UNDEFEATED ELASTIC CAMP HAT,$34
UNDEFEATED PRINTED BUCKET HAT,$38
UNDEFEATED PRINTED BUCKET HAT,$38
UNDEFEATED CONTRAST LOGO STRAPBACK,$34
UNDEFEATED CONTRAST LOGO STRAPBACK,$34
UNDEFEATED CONTRAST LOGO STRAPBACK,$34
UNDEFEATED MULTICOLOR STRAPBACK,$44
UNDEFEATED MULTICOLOR STRAPBACK,$44
UNDEFEATED MULTICOLOR STRAPBACK,$44
UNDEFEATED PICNIC BLANKET - SKY BLUE,$55
UNDEFEATED POOL FLOATY - BLUE MULTI,$35
UNDEFEATED BEACH BALL - BLUE MULTI,$12
UNDEFEATED WHAM-O FRISBEE,$18
UNDEFEATED WHAM-O FRISBEE,$18
UNDEFEATED SHOOTER SHIRT,$85
UNDEFEATED SHOOTER SHIRT,$85
UNDEFEATED TRACK CREWNECK,$95
UNDEFEATED TRACK CREWNECK,$95
UNDEFEATED KNIT TRACK SHORT,$65
UNDEFEATED KNIT TRACK SHORT,$65
UNDEFEATED ANOINTED S/S TEE,$36
UNDEFEATED ANOINTED S/S TEE,$36
UNDEFEATED ANOINTED S/S TEE,$36
UNDEFEATED ANOINTED S/S TEE,$36
UNDEFEATED RACQUET S/S TEE,$36
UNDEFEATED RACQUET S/S TEE,$36
UNDEFEATED RACQUET S/S TEE,$36
UNDEFEATED RACQUET S/S TEE,$36
UNDEFEATED YELLOW CARD S/S TEE,$36
UNDEFEATED YELLOW CARD S/S TEE,$36
UNDEFEATED YELLOW CARD S/S TEE,$36
UNDEFEATED YELLOW CARD S/S TEE,$36
UNDEFEATED U-MAN SNAPBACK,$34
UNDEFEATED U-MAN SNAPBACK,$34
UNDEFEATED U-MAN SNAPBACK,$34
UNDEFEATED KNIT ICON TRUCKER,$38
UNDEFEATED KNIT ICON TRUCKER,$38
UNDEFEATED SWEATBAND SET,$18
UNDEFEATED SWEATBAND SET,$18
UNDEFEATED ICON POCKET CREWNECK,$95
UNDEFEATED ICON POCKET CREWNECK,$95
UNDEFEATED ICON POCKET CREWNECK,$95
UNDEFEATED MESH HOODIE,$85
UNDEFEATED MESH HOODIE,$85
UNDEFEATED MESH PANT,$80
UNDEFEATED MESH PANT,$80
UNDEFEATED GYMNOS BASKETBALL JERSEY,$65
UNDEFEATED GYMNOS BASKETBALL JERSEY,$65
UNDEFEATED GYMNOS BASKETBALL SHORT,$65
UNDEFEATED GYMNOS BASKETBALL SHORT,$65
UNDEFEATED ICON SHORT,$85
UNDEFEATED ICON SHORT,$85
UNDEFEATED ICON SHORT,$85
UNDEFEATED ICON SS POCKET TEE,$55
UNDEFEATED ICON SS POCKET TEE,$55
UNDEFEATED ICON SS POCKET TEE,$55
UNDEFEATED BALL HARD S/S TEE,$36
UNDEFEATED BALL HARD S/S TEE,$36
UNDEFEATED BALL HARD S/S TEE,$36
UNDEFEATED BALL HARD S/S TEE,$36
UNDEFEATED GAME OF DEATH S/S TEE,$36
UNDEFEATED GAME OF DEATH S/S TEE,$36
UNDEFEATED GAME OF DEATH S/S TEE,$36
UNDEFEATED GAME OF DEATH S/S TEE,$36
UNDEFEATED ALL NET S/S TEE,$36
UNDEFEATED ALL NET S/S TEE,$36
UNDEFEATED ALL NET S/S TEE,$36
UNDEFEATED ALL NET S/S TEE,$36
UNDEFEATED GLOBALLS S/S TEE,$36
UNDEFEATED GLOBALLS S/S TEE,$36
UNDEFEATED GLOBALLS S/S TEE,$36
UNDEFEATED GLOBALLS S/S TEE,$36
UNDEFEATED SMOKING EAGLE S/S TEE,$36
UNDEFEATED SMOKING EAGLE S/S TEE,$36
UNDEFEATED SMOKING EAGLE S/S TEE,$36
UNDEFEATED SMOKING EAGLE S/S TEE,$36
UNDEFEATED PERFORMANCE S/S TEE,$36
UNDEFEATED PERFORMANCE S/S TEE,$36
UNDEFEATED PERFORMANCE S/S TEE,$36
UNDEFEATED PERFORMANCE S/S TEE,$36
UNDEFEATED X NE ICON FITTED,$38
UNDEFEATED X NE ICON FITTED,$38
UNDEFEATED X NE ICON FITTED,$38
UNDEFEATED GYMNOS CAMP HAT,$38
UNDEFEATED GYMNOS CAMP HAT,$38
UNDEFEATED PRECISION SNAPBACK,$34
UNDEFEATED PRECISION SNAPBACK,$34
UNDEFEATED PRECISION SNAPBACK,$34
UNDEFEATED ATHLTC DEPT TRUCKER,$38
UNDEFEATED ATHLTC DEPT TRUCKER,$38
UNDEFEATED BACKPACK,$90
UNDEFEATED BACKPACK,$90
UNDEFEATED BACKPACK,$90
UNDEFEATED WAIST BAG,$48
UNDEFEATED WAIST BAG,$48
UNDEFEATED WAIST BAG,$48
UNDEFEATED RIPSTOP CHORE JACKET - NAVY,$128
UNDEFEATED LOGO PULLOVER HOODIE,$120
UNDEFEATED LOGO PULLOVER HOODIE,$120
UNDEFEATED LOGO PULLOVER HOODIE,$120
UNDEFEATED L/S TEE,$58
UNDEFEATED L/S TEE,$58
UNDEFEATED L/S TEE,$58
UNDEFEATED SEAMED LOGO SHORT,$85
UNDEFEATED SEAMED LOGO SHORT,$85
UNDEFEATED SEAMED LOGO SHORT,$85
UNDEFEATED RIPSTOP SHORT - NAVY,$85
UNDEFEATED PSYCHO CIRCLE S/S TEE,$36
UNDEFEATED PSYCHO CIRCLE S/S TEE,$36
UNDEFEATED PSYCHO CIRCLE S/S TEE,$36
UNDEFEATED PSYCHO CIRCLE S/S TEE,$36
UNDEFEATED SPORT S/S TEE,$36
UNDEFEATED SPORT S/S TEE,$36
UNDEFEATED SPORT S/S TEE,$36
UNDEFEATED SPORT S/S TEE,$36
UNDEFEATED HEY BATTER S/S TEE,$36
UNDEFEATED HEY BATTER S/S TEE,$36
UNDEFEATED HEY BATTER S/S TEE,$36
UNDEFEATED HEY BATTER S/S TEE,$36
UNDEFEATED LOGO STRAPBACK,$44
UNDEFEATED LOGO STRAPBACK,$44
UNDEFEATED LOGO STRAPBACK,$44
UNDEFEATED METALLIC ANORAK,$175
UNDEFEATED METALLIC ANORAK,$175
UNDEFEATED NYLON CHEMICAL JACKET,$168
UNDEFEATED NYLON CHEMICAL JACKET,$168
UNDEFEATED RANGE PULLOVER HOODIE,$98
UNDEFEATED RANGE PULLOVER HOODIE,$98
UNDEFEATED RANGE PULLOVER HOODIE,$98
UNDEFEATED METALLIC TRACK PANT,$135
UNDEFEATED METALLIC TRACK PANT,$135
UNDEFEATED NYLON CARGO PANT,$148
UNDEFEATED NYLON CARGO PANT,$148
UNDEFEATED LOGO STRIPE S/S TOP,$55
UNDEFEATED LOGO STRIPE S/S TOP,$55
UNDEFEATED LOGO DROP L/S TEE,$40
UNDEFEATED LOGO DROP L/S TEE,$40
UNDEFEATED LOGO DROP L/S TEE,$40
UNDEFEATED LOGO DROP L/S TEE,$40
UNDEFEATED 3D S/S TEE,$36
UNDEFEATED 3D S/S TEE,$36
UNDEFEATED 3D S/S TEE,$36
UNDEFEATED 3D S/S TEE,$36
UNDEFEATED RUN 2020 S/S TEE,$36
UNDEFEATED RUN 2020 S/S TEE,$36
UNDEFEATED RUN 2020 S/S TEE,$36
UNDEFEATED RUN 2020 S/S TEE,$36
UNDEFEATED BACKSPIN S/S TEE,$36
UNDEFEATED BACKSPIN S/S TEE,$36
UNDEFEATED BACKSPIN S/S TEE,$36
UNDEFEATED BACKSPIN S/S TEE,$36
UNDEFEATED METALLIC TOTE BAG,$54
UNDEFEATED METALLIC TOTE BAG,$54
UNDEFEATED LOGO TRACK JACKET,$148
UNDEFEATED LOGO TRACK JACKET,$148
UNDEFEATED ICON PULLOVER HOODIE,$110
UNDEFEATED ICON PULLOVER HOODIE,$110
UNDEFEATED ICON PULLOVER HOODIE,$110
UNDEFEATED ICON PULLOVER HOODIE,$110
UNDEFEATED LOGO TRACK PANT,$128
UNDEFEATED LOGO TRACK PANT,$128
UNDEFEATED ICON SHORT,$85
UNDEFEATED ICON SHORT,$85
UNDEFEATED ICON SHORT,$85
UNDEFEATED ICON SHORT,$85
UNDEFEATED JACQUARD ICON L/S TOP,$85
UNDEFEATED JACQUARD ICON L/S TOP,$85
UNDEFEATED VERTICAL PULLOVER HOODIE,$108
UNDEFEATED VERTICAL PULLOVER HOODIE,$108
UNDEFEATED VERTICAL PULLOVER HOODIE,$108
UNDEFEATED SHOP CREWNECK,$88
UNDEFEATED SHOP CREWNECK,$88
UNDEFEATED SHOP CREWNECK,$88
UNDEFEATED REVERSIBLE S/S TEE,$65
UNDEFEATED REVERSIBLE S/S TEE,$65
UNDEFEATED LOGO L/S TEE,$40
UNDEFEATED LOGO L/S TEE,$40
UNDEFEATED LOGO L/S TEE,$40
UNDEFEATED LOGO L/S TEE,$40
UNDEFEATED ICON L/S TEE,$40
UNDEFEATED ICON L/S TEE,$40
UNDEFEATED ICON L/S TEE,$40
UNDEFEATED ICON L/S TEE,$40
UNDEFEATED LOGO S/S TEE,$36
UNDEFEATED LOGO S/S TEE,$36
UNDEFEATED LOGO S/S TEE,$36
UNDEFEATED LOGO S/S TEE,$36
UNDEFEATED ICON S/S TEE,$36
UNDEFEATED ICON S/S TEE,$36
UNDEFEATED ICON S/S TEE,$36
UNDEFEATED ICON S/S TEE,$36
UNDEFEATED OFFICIAL FLAGS S/S TEE,$36
UNDEFEATED OFFICIAL FLAGS S/S TEE,$36
UNDEFEATED OFFICIAL FLAGS S/S TEE,$36
UNDEFEATED OFFICIAL FLAGS S/S TEE,$36
UNDEFEATED BOONIE HAT,$40
UNDEFEATED BOONIE HAT,$40
UNDEFEATED BOONIE HAT,$40
UNDEFEATED THIEF'S THEME SNAPBACK,$44
UNDEFEATED THIEF'S THEME SNAPBACK,$44
UNDEFEATED THIEF'S THEME SNAPBACK,$44
UNDEFEATED STACKING TRUCKER - BLACK,$34
UNDEFEATED WORLDWIDE ELASTIC STRAPBACK,$38
UNDEFEATED WORLDWIDE ELASTIC STRAPBACK,$38
UNDEFEATED WORLDWIDE ELASTIC STRAPBACK,$38
UNDEFEATED LOGO CREW SOCK,$16
UNDEFEATED LOGO CREW SOCK,$16
UNDEFEATED LOGO CREW SOCK,$16
UNDEFEATED LOGO PED SOCK,$14
UNDEFEATED LOGO PED SOCK,$14
UNDEFEATED LOGO PED SOCK,$14
UNDEFEATED TRAVEL POUCH SET,$38
UNDEFEATED TRAVEL POUCH SET,$38
UNDEFEATED BANDANA,$18
UNDEFEATED BANDANA,$18
UNDEFEATED REPEAT LOGO BEACH TOWEL - BLUE,$48
UNDEFEATED APPLIQUE NECK TOWEL - BLACK,$28
UNDEFEATED TIRE GAUGE - BLACK,$5
UNDEFEATED LOGO UMBRELLA - BLACK,$64
UNDEFEATED MAGNET SET - MULTI,$12
UNDEFEATED ICON CAR FRESHENER - MULTI,$8
UNDEFEATED INCENSE - MULTI,$18
CHUCK 70 HI - OBSIDIAN/EGRET/BLACK,$85
CONVERSE X NBHD CHUCK 70 MOTO HI - BLACK,$44
WOMEN'S AIR FORCE 1 '07 - WHITE,$90
AJ 7 RETRO SE - NEUTRALGREY/ SUMMITWHITE/ PINKFOAM,$75
CONVERSE X NBHD JACK PURCELL OX - BLACK/EGRET,$40
CONVERSE X THE SOLOIST ERX 260 HI - BLACK/BLACK,$66
CHUCK 70 HI - VIVIDSULFUR/BLACK/EGRET,$36
OG ERA LX - OLDGOLD/FIR,$26
ADIDAS X MISSONI ULTRABOOST CLIMA - CBLACK/FTWWHT/ACTRED,$125
NIKE X STRANGER THINGS CORTEZ - UNIVERSITYRED/WHITE,$48
ADIDAS X MISSONI ULTRABOOST CLIMA - FTWWHT/ACTRED,$125
ACG MOC 3.0 - GREENSTRIKE/ VIVIDPURPLE,$100
YEEZY DESERT RAT 500 HIGH - SLATE,$220
NIKE X STRANGER THINGS PRO CAP QS - BLACK/WHITE/UNIVERSITYRED,$12
NIKE X STRANGER THINGS CLUB PANT - FIR/WHITE/SAIL,$26
NIKE X STRANGER THINGS TEE - BLACK/UNIVERSITYRED,$16
NIKE X STRANGER THINGS TEE - COLLEGENAVY/SAIL,$16
NIKE X STRANGER THINGS TEE - FIR/SAIL,$16
NIKE X STRANGER THINGS CLUB PANT - DKGREYHEATHER/WHITE/FIR,$26
NIKE X STRANGER THINGS TEE - DKGREYHEATHER/FIR,$16
NIKE X STRANGER THINGS PRO CAP QS - FIR,$13
WOMEN'S U.S. STADIUM JERSEY 2019 - WHITE/BLUEVOID,$36
NRG ACG PANT CARGO WVN - WHEAT,$72
CONVERSE X ROKIT UTILITY VEST - BLACK,$120
CONVERSE X ROKIT PULLOVER HOODIE - BLACK,$90
CONVERSE X ROKIT CHUCK 70 HI - BLACK/ WHITE,$110
AJ 1 LOW SE - BLACK/ WHITE/ MAGENTA,$100
BAPE PATCHWORK FULL ZIP HOODIE - MULTI,$399
BAPE COLOR CAMO STA S/S SHIRT,$289
BAPE COLOR CAMO STA S/S SHIRT,$289
BAPE PATCHWORK COLLEGE TEE - WHITE,$115
BAPE BABY MILO RUG MAT - BROWN,$219
ADIDAS X HUMAN MADE SUPERSTAR80s - WHITE,$140
YEEZY BOOST 380 - MIST,$230
"990 V5 ""MADE IN USA"" - GREY",$175
NRG ACG TOP - GAMEROYAL/SPORTFUCHSIA,$44
MEN'S U.S. STADIUM JERSEY 2019 - WHITE/BLUEVOID/UNIVERSITYRED,$36
MEN'S FFF 2019 STADIUM AWAY JERSEY - WHITE/P488C,$36
MEN'S ENGLAND 2019 STADIUM AWAY JERSEY - TEAMRED/PHANTOM,$36
BAPE COLOR CAMO BAPE FULL ZIP HOODIE,$359
BAPE COLOR CAMO BAPE FULL ZIP HOODIE,$359
MEN'S U.S. STADIUM JERSEY 2019 - SPEEDRED/BRIGHTBLUE,$36
NIKE X MMW 2.0 2-IN-1 SHORT - BLACK,$100
NIKE X MMW WOMEN'S 2.0 JKT HD - BLACK,$200
NIKE X MMW WOMEN'S 2.0 BODYSUIT - LEGIONGREEN,$112
BAPE 1ST CAMO SHARK CREWNECK - GREEN,$305
NIKE X MMW WOMEN'S 2.0 AEROADAPT BRA - BLACK,$30
NIKE X MMW WOMEN'S 2.0 2-IN-1 SKIRT - BLACK,$120
NIKE X MMW 2.0 LS AOP TOP - LEGIONGREEN,$40
NIKE X MMW 2.0 JKT HD FLC - BLACK,$200
NIKE X GYAKUSOU NRG TOP SS 2 - MINERALYELLOW/BLACK,$20
NIKE X GYAKUSOU NRG TOP SS 1 - SPORTRED/SAIL,$20
NIKE X GYAKUSOU NRG TOP SS - SPORTRED/THUNDERBLUE/SAIL,$32
ADIDAS X MISSONI SUPERNOVA TEE - BLACK/DARKGREY/WHITE,$56
NRG ACG TOP AOP - HYPERROYAL/BLACK,$48
NIKE X GYAKUSOU NRG HELIX TIGHT - THUNDERBLUE/SPORTRED/SAIL,$56
WOMEN'S U.S. STADIUM JERSEY 2019 - SPEEDRED/BRIGHTBLUE,$36
BAPE 1ST CAMO SHARK DAY PACK - BLACK,$275
BAPE 1ST CAMO BUCKET HAT,$119
BAPE 1ST CAMO BUCKET HAT,$119
OG LAMPIN LX (SUEDE/CANVAS) - GREEN/ BLUE/ PINK,$80
AIR FORCE 1 '07 - WHITE,$90
WOMEN'S ZOOM X VISTA GRIND - FOSSILSTONE/ SAIL/ HYPERBLUE,$160
WOMEN'S AIR MAX TRIAX 96 - WHITE/ LAGOON/ NEWPORTBLUE/ BLACK,$140
REACT ELEMENT 87 - BLACK/REDORBIT/WHITE/GREENABYSS,$160
BAPE 1ST CAMO 2ND APE PULLOVER HOODIE - GREEN,$429
BAPE ABC CAMO BAPE CREWNECK,$275
BAPE ABC CAMO BAPE CREWNECK,$275
BAPE RELAXED COLLEGE CREWNECK,$275
BAPE RELAXED COLLEGE CREWNECK,$275
BAPE 1ST CAMO SHARK SLIM SWEAT PANTS - GREEN,$295
BAPE ABC CAMO SHARK SWEAT SHORTS,$265
BAPE ABC CAMO SHARK SWEAT SHORTS,$265
CHUCK 70 HI - TOTALORANGE/ EGRET/ BLACK,$85
CHUCK 70 OX - MALACHITE/ BLACK/ EGRET,$80
CHUCK 70 OX - BLACK/ ENAMELRED/ EGRET,$80
CORTEZ BASIC - WHITE/ VARSITYRED/ VARSITYROYAL,$75
"992 ""MADE IN USA"" - MULTI-COLOR",$175
PATTA EMBLEM CREWNECK SWEATER - BLACK,$74
PATTA EMBLEM JOGGING PANTS - BLACK,$78
WOMEN'S AIR MAX 90 SP - METALLICGOLD/ CLUBGOLD,$54
AIR MAX 90 CRIB QS - METALLICGOLD/ CLUBGOLD,$15
WOMEN'S AIR MAX 90 SP - CHROME/ PUREPLATINUM/ WHITE,$54
AIR MAX 90 CRIB QS - CHROME/ PUREPLATINUM/ WHITE,$15
ADIDAS X UNDEFEATED ULTRABOOST - BLKWHI,$88
GS AJ 4 RETRO SE - COOLGREY/ VOLT/ WOLFGREY/ ANTHRACITE,$48
ADIDAS X PUSHA T OZWEEGO COD - BLACK,$45
LEBRON VII QS - BLACK/ VARSITYRED/ VARSITYMAIZE,$60
TORSION TRDC - TECIND/GLOPNK/CGREEN,$26
CONVERSE X PIGALLE CHUCK 70 OX - MULTI/BLACK/EGRET,$36
SUPERSTAN - FTWWHT/GREEN,$40
NIKE X UNDEFEATED AIR MAX 90 - PACIFICBLUE/ VIVIDPURPLE,$150
NIKE X UNDEFEATED PS AIR MAX 90 - PACIFICBLUE/ VIVIDPURPLE,$90
NIKE X UNDEFEATED TD AIR MAX 90 - PACIFICBLUE/ VIVIDPURPLE,$75
NIKE X UNDEFEATED AIR MAX 90 HOODIE - BLACK,$70
NIKE X UNDEFEATED AIR MAX 90 HOODIE - COLLEGENAVY,$70
NIKE X UNDEFEATED AIR MAX 90 LS TEE - WHITE,$40
NIKE X UNDEFEATED AIR MAX 90 LS TEE - BLACK,$40
NIKE X UNDEFEATED AIR MAX 90 TEE - WHITE,$35
NIKE X UNDEFEATED AIR MAX 90 TEE - BLACK,$35
CONSORTIUM RUNNER EVO 4D - CBLACK/CWHITE,$140
ADIDAS X PUSHA T OZWEEGO - COREBLACK,$52
ADIDAS X DOE ULTRABOOST 19 - COREWHITE/POWERRED,$88
ADIDAS X WOOD WOOD ULTRABOOST 19 - COREBLACK,$80
ADIDAS X WOOD WOOD ULTRABOOST 19 - LINEN,$80
ADIDAS X PUSHA T OZWEEGO - TECHMINERAL,$52
SC PREMIERE - GRETWO/LBROWN,$48
AIR MAX 95 BHM - MULTI-COLOR/KINETICGREEN/PHOTONDUST,$72
AIR FORCE 1 LOW BHM - DKSMOKEGREY/TRACKRED,$52
GS AJ 3 RETRO SE - FIRERED/CEMENTGREY/BLACK,$35
AJ 13 RETRO CNY - PALEIVORY/BLACK/DIGITALPINK/CLUBGOLD,$50
NRG JKT SWOOSH STRIPE - UNIVERSITYRED/MIDNIGHTNAVY,$70
AIR MAX TRIAX 96 - WHITE/UNIVERSITYRED/BLACK/SILVER,$52
NIKE X MMW JOYRIDE CC3 SETTER - WOLFGREY/WHITE/UNIVERSITYRED,$80
AIR MAX TRIAX 96 - WHITE/VARSITYROYAL/BLACK/SPIRITTEAL,$52
NIKE X MMW JOYRIDE CC3 SETTER - BLACK/UNIVERSITYRED,$80
NIKE X OFF-WHITE WOMEN'S NRG XCROSS BIB #1 - OPTIYELLOW,$80
NIKE X OFF-WHITE WOMEN'S NRG JACKET #1 AOP - VOLT,$120
NIKE X OFF-WHITE WOMEN'S NRG XCROSS BIB #1 - BLACK,$80
WOMEN'S AIR FORCE 1 SP - CHROME/METALLICSILVER/WHITE,$60
WOMEN'S AIR FORCE 1 SP - METALLICGOLD/CLUBGOLD/WHITE,$60
AIR MAX PLUS III - BLACK/CHAMOIS/HYPERBLUE/WHITE,$76
NIKE X UNDERCOVER NRG TC TOP SS POCKET - BLACK/WHITE,$40
NIKE X UNDERCOVER NRG TC TOP SS POCKET - LICHENBROWN/WHITE,$40
NIKE X UNDERCOVER AIR MAX 720 - UNIVERSITYRED/BLUEJAY,$80
NIKE X UNDERCOVER AIR MAX 720 - BLACK/UNIVERSITYRED,$80
BLAZER MID '77 VINTAGE - WHITE/ LIGHTBONE/ SAIL,$100
PW NIZZA HI RF - ECRTIN/ CWHITE/ CBROWN,$110
PW CONTINENTAL 80 - ECRTIN/ CWHITE/ CBROWN,$100
PW CAMPUS - ECRTIN/ CWHITE/ CBROWN,$100
"992 ""MADE IN USA"" - TAN",$175
AIR MAX 90 - WHITE/PARTICLEGREY/ROSE/BLACK,$120
REACT VISION - LIGHTBONE/ TERRABLUSH/ PHOTOBLUE,$140
EPOCH SPORT LX (NUBUCK/LEATHER)  - RAVEN/ BLACK,$80
EPOCH SPORT LX (NUBUCK/LEATHER)  - YELLOW,$80
SK8-HI REISSUE VL (LEATHER) - BONNIE,$120
SK8-HI REISSUE VL (LEATHER) - CHLPEP,$120
SB GTS RETURN PREMIUM - SPORTRED/PUREPLATINUM/BLACK,$85
UNDEFEATED X MEDICOM UMAN KEYCHAIN - CHROME,$15
UNDEFEATED X MEDICOM UMAN KEYCHAIN - GOLD,$15
UNDEFEATED X MEDICOM UMAN KEYCHAIN - BLACK,$15
UNDEFEATED X MEDICOM UMAN KEYCHAIN - OLIVE,$15
UNDEFEATED X MEDICOM UMAN KEYCHAIN - BLACK/RED,$15
UNDEFEATED X MEDICOM UMAN KEYCHAIN - PURPLE/YELLOW,$15
BAPE BOA SNOWBOARD JACKET - BEIGE,$599
BAPE COLOR CAMO TIGER FULL ZIP HOODIE,$455
BAPE COLOR CAMO TIGER FULL ZIP HOODIE,$455
BAPE FLAME WIDE FULL ZIP HOODIE - ORANGE,$385
BAPE FLAME SLIM SWEAT PANTS - ORANGE,$305
BAPE 1ST CAMO CREWNECK,$275
BAPE 1ST CAMO CREWNECK,$275
CONVERSE X MIDNIGHT STUDIOS PRO LEATHER HI - WHITE/EGRET/BLACK,$120
AIR MAX 90 - WHITE/PARTICLEGREY/HYPERTURQ/BLACK,$120
BLAZER MID '77 VINTAGE - WHITE/RACERBLUE/SAIL,$100
BLAZER MID '77 VINTAGE - WHITE/ BLACK,$100
ADAPT BB 2.0 - BLACK/WHITE/BRIGHTCRIMSON,$400
"990 V5 ""MADE IN USA"" - ANDROMEDABLUE/TEAMRED/BLACK",$175
LEBRON VII QS - CHLORINEBLUE/BLACK,$200
WOMEN'S VISTA LITE - WHITE/LASERCRIMSON/PHOTONDUST,$100
WOMEN'S ZOOM X VISTA GRIND - BARELYVOLT/MAGICFLAMINGO/WHITE,$160
AJ 1 LOW - NOBLERED/BLACK/WHITE,$90
BAPE ABC CAMO PLACE MAT,$45
BAPE ABC CAMO PLACE MAT,$45
BAPE ABC CAMO PLACE MAT,$45
BAPE ABC CAMO TUMBLER,$55
BAPE ABC CAMO TUMBLER,$55
BAPE ABC CAMO TUMBLER,$55
JASON MARKK ESSENTIAL KIT,$16
BAPE CHOPSTICK REST SET - BROWN,$59
JASON MARKK SUEDE KIT,$12
BAPE COLOR CAMO SKATEBOARD,$189
BAPE COLOR CAMO SKATEBOARD,$189
BAPE COLOR CAMO SKATEBOARD,$189
BAPE MOTOR SPORT GLOVES - BLACK,$119
BAPE FLAME SOCKS - ORANGE,$39
AJ 1 MID SE - BLACK/SMOKEGREY/SAIL,$125
CLASSIC SLIP-ON (CHERRIES) - BLACK,$65
AIR FLIGHT 89 - WHITE/DARKROYALBLUE/VARSITYRED,$120
WOMEN'S AIR MAX 90 - WHITE/PARTICLEGREY/HYPERGRAPE/BLACK,$120
GEL-NIMBUS 22 - BLACK,$150
GEL-NIMBUS 22 RETRO TOKYO - WHITE/ELECTRICBLUE,$150
GEL-1090 - WHITE/MIDNIGHT,$95
BAPE COLOR BLOCK DOWN JACKET - BLACK,$579
BAPE SHARK DENIM COVERALL JACKET - INDIGO,$579
BAPE MOTOR SPORT BOMBER DOWN JACKET - BLACK,$649
BAPE 1ST CAMO PULLOVER HOODIE,$319
BAPE 1ST CAMO PULLOVER HOODIE,$319
OG SK8-HI LX (SUEDE/CANVAS) - BLACK/TRWHT,$85
OG SK8-HI LX (SUEDE/CANVAS) - NAVY/STVNVY,$85
OG OLD SKOOL LX (SUEDE/CANVAS) - NAVY/STVNVY,$75
BAPE PANEL CAP,$105
BAPE PANEL CAP,$105
850 OG - WHITE/BLUE,$100
AIR FORCE 1 '07 PREMIUM - CHROMEYELLOW/BLACK/CLUBGOLD/WHITE,$130
NEW BALANCE X NO VACANCY INN 850 - NAVY/RED/WHITE,$120
NEW BALANCE X NO VACANCY INN 850 - TAN/RED/WHITE,$120
CONVERSE X WACKO MARIA CHUCK 70 HI - BROWN/EGRET/BLACK,$110
CONVERSE X WACKO MARIA CHUCK 70 OX - OLIVE/EGRET/BLACK,$100
LEBRON VII QS - TEAMRED/METALLICSILVER/BLACK/HOTRED,$200
032C SALVATION - CWHITE,$180
PUMA X ALEXANDER JOHN RS-X MIXTAPE - PUMAWHITE/PUMAROYAL,$150
CONVERSE X ASAP NAST JACK PURCELL CHUKKA MID - BLACK/SILVER,$120
CONVERSE X ASAP NAST JACK PURCELL CHUKKA MID - CHERRYTOMATO,$120
ASICS X BEAMS GEL-FUJITRABUCO 7 GORE-TEX SPS - GLACIERGREY,$170
GEL-1090 - WHITE/BLACK,$100
GEL-KAYANO 5 360 - SHEETROCK/SILVER,$150
CONVERSE X UNDERCOVER CHUCK 70 OX - BLACK/WHITE/EGRET,$110
CONVERSE X UNDERCOVER CHUCK 70 HI - BLACK/WHITE/EGRET,$120
NIKE X OFF-WHITE WOMEN'S VAPOR STREET - BLACK/WHITE/LASERFUCHSIA,$190
BAPE COLOR CAMO COLOR BLOCK RUNNING CAP,$135
BAPE COLOR CAMO COLOR BLOCK RUNNING CAP,$135
BLAZER MID '77 VINTAGE - WHITE/OPTIYELLOW,$100
CONVERSE X GOLF GIANNO OX - CONCORD/MEERKAT,$130
AIR FORCE 1 - OBSIDIAN/UNIVERSITYGOLD/WHITE,$90
AIR FORCE 1 - WOLFGREY/UNIVERSITYRED/WHITE,$90
AIR GHOST RACER - ORANGEPEEL/APHIDGREEN/PUREPLATINUM,$130
OG STYLE 36 LX (CORDUROY CANVAS) - RUBBER/CLASSICGREEN,$80
REACT SERTU - WOLFGREY/TEALTINT/PUMICE,$150
WOMEN'S ZOOM X VISTA GRIND - PALEIVORY/COOLGREY/BLACK,$160
AIR MAX UPTEMPO '95 - WHITE/PHOTOBLUE/BLACK,$160
LEBRON VII QS - WHITE/BLACK/GLASSBLUE/CHALLENGERED,$200
OZWEEGO TECH - CLEARGRANITE,$140
NIKE X UNINTERRUPTED PS AIR FORCE 1 '07 QS - WHITE/RACERBLUE,$75
NIKE X UNINTERRUPTED TD AIR FORCE 1 '07 QS - WHITE/RACERBLUE,$65
NIKE X UNINTERRUPTED CRIB AIR FORCE 1 '07 QS - WHITE/RACERBLUE,$50
BAPE 1ST CAMO JET CAP,$135
BAPE 1ST CAMO JET CAP,$135
ADIDAS X UNDEFEATED GSG9 - BLKWHI/LGTGRE/ORANGE,$160
ACG ZOOM TERRA ZAHERRA - AVIATORGREY/BARELYVOLT/VASTGREY,$180
GHOSWIFT - WHITE/BLACK/DYNAMICYELLOW,$100
GHOSWIFT - BLACK/WHITE/DEEPROYALBLUE,$100
REACT SERTU - BLACKENEDBLUE/BLACK/SAIL,$150
NIKE X UNINTERRUPTED AIR FORCE 1 '07 QS - WHITE/RACERBLUE,$130
BAPE MULTI COLOR SNOWBOARD JACKET - MULTI,$559
BAPE GRADATION CAMO MASK CAP,$175
BAPE GRADATION CAMO MASK CAP,$175
BAPE GRADATION CAMO MILITARY HAT,$125
BAPE GRADATION CAMO MILITARY HAT,$125
BAPE ABC CAMO RELAXED COACH JACKET - GREEN,$389
BAPE 1ST CAMO SHORTS,$235
BAPE 1ST CAMO SHORTS,$235
CDG X CONVERSE PLAY MULTI HEART CTAS '70 LOW,$150
CDG X CONVERSE PLAY MULTI HEART CTAS '70 LOW,$150
CHUCK 70 HI - BLACK/EGRET,$90
CHUCK 70 HI - MIDNIGHTTURQ/BLACK/EGRET,$90
CHUCK 70 HI ARCHIVE RESTRUCTURED - BLACK/WHITE/EGRET,$120
CHUCK 70 HI ARCHIVE RESTRUCTURED - WHITE/GARNET/EGRET,$120
WOMEN'S FE/NOM FLYKNIT SPORTS BRA - WHITE/PUREPLATINUM,$80
WOMEN'S FE/NOM FLYKNIT SPORTS BRA - BLACK/DARKGREY,$32
WOMEN'S ONE LUX 7/8 TIGHTS - BLACK/CLEAR,$90
WOMEN'S ONE LUX CROPS - BLACK/CLEAR,$34
WOMEN'S MADE IN AMERICA 990 - GREY,$175
MADE IN AMERICA 990 - BLACK/SILVER,$175
BAPE COLOR CAMO COLOR BLOCK SHORTS,$249
BAPE COLOR CAMO COLOR BLOCK SHORTS,$249
BAPE FOREST CAMO TRACK SHORTS - BEIGE,$205
BAPE TIE DYE SHARK WIDE FULL ZIP HOODIE - MULTI,$489
BAPE TIE DYE TEE - MULTI,$159
BAPE COLOR BLOCK TRACK PANTS - BURGUNDY,$265
BAPE BEACH PANTS,$189
BAPE BEACH PANTS,$189
BAPE DETACHABLE SLEEVE JACKET - GREEN,$419
BAPE DETACHABLE LEGS PANTS - GREEN,$295
BAPE COLOR CAMO COLOR BLOCK JACKET - RED,$429
BAPE COLOR CAMO COLOR BLOCK PANTS - RED,$319
BAPE 1ST CAMO COLOR BLOCK PADDED JACKET - GREEN,$519
BAPE 1ST X COLOR CAMO 2ND APE HALF FULL ZIP,$489
BAPE 1ST X COLOR CAMO 2ND APE HALF FULL ZIP,$489
BAPE ABC DU-RAG,$85
BAPE ABC DU-RAG,$85
BAPE ABC DU-RAG,$85
BAPE ABC DU-RAG,$85
BAPE FOREST CAMO TRACK PANTS - BEIGE,$295
CHUCK 70 HI - PARCHMENT/GARNET/EGRET,$85
CHUCK 70 HI - BLACK/EGRET,$85
OG CLASSIC SLIP-ON (CHECKERBOARD) - BLK/WHT,$60
YEEZY DESERT RAT 500 - STONE,$200
ADIDAS X HUMAN MADE SUPERSTAR80s - WHITE/ BLACK/ GOLDFOIL,$140
name,price
BAPE 1ST CAMO COLLEGE TEE - WHITE,$99
BAPE 1ST CAMO BEACH SHORTS,$195
BAPE 1ST CAMO BEACH SHORTS,$195
BAPE 1ST CAMO BEACH TOWEL,$115
BAPE 1ST CAMO BEACH TOWEL,$115
BAPE 1ST CAMO DU-RAG,$85
BAPE 1ST CAMO DU-RAG,$85
GS AJ 5 RETRO - BLACK/ NEWEMERALD/ FIRERED/ GRAPEICE,$150
CONVERSE X POP TRADING CO JACK PURCELL PRO PTC OX - EGRET/RED,$75
CONVERSE X POP TRADING CO JACK PURCELL PRO PTC HI - NAVY/CITRU,$80
ULTRABOOST 1.0 - FTWWHT/ SILVMT,$180
CONVERSE X UNDEFEATED CHUCK 70 HI - BLACK/ NATURALIVORY,$90
CONVERSE X UNDEFEATED CHUCK 70 HI - NATURAL/ FIERYRED,$90
UNDEFEATED LIGHTWEIGHT BASEBALL JACKET,$85
UNDEFEATED LIGHTWEIGHT BASEBALL JACKET,$85
UNDEFEATED OVERSIZED S/S POCKET TEE,$50
UNDEFEATED OVERSIZED S/S POCKET TEE,$50
UNDEFEATED ATHLTC DEPT BASKETBALL JERSEY,$45
UNDEFEATED ATHLTC DEPT BASKETBALL JERSEY,$45
UNDEFEATED CLASSIC SWIM TRUNK,$85
UNDEFEATED CLASSIC SWIM TRUNK,$85
UNDEFEATED CLASSIC SWIM TRUNK,$85
UNDEFEATED ATHLTC DEPT BASKETBALL SHORT,$65
UNDEFEATED ATHLTC DEPT BASKETBALL SHORT,$65
UNDEFEATED PRINTED BAGGY SHORT,$75
UNDEFEATED PRINTED BAGGY SHORT,$75
UNDEFEATED ATHLETICS S/S TEE,$36
UNDEFEATED ATHLETICS S/S TEE,$36
UNDEFEATED ATHLETICS S/S TEE,$36
UNDEFEATED ATHLETICS S/S TEE,$36
UNDEFEATED TENNIS MASTER S/S TEE,$36
UNDEFEATED TENNIS MASTER S/S TEE,$36
UNDEFEATED TENNIS MASTER S/S TEE,$36
UNDEFEATED TENNIS MASTER S/S TEE,$36
UNDEFEATED PITCHER S/S TEE,$36
UNDEFEATED PITCHER S/S TEE,$36
UNDEFEATED PITCHER S/S TEE,$36
UNDEFEATED PITCHER S/S TEE,$36
UNDEFEATED TORCH RUN S/S TEE,$36
UNDEFEATED TORCH RUN S/S TEE,$36
UNDEFEATED TORCH RUN S/S TEE,$36
UNDEFEATED TORCH RUN S/S TEE,$36
UNDEFEATED CYCLING S/S TEE,$36
UNDEFEATED CYCLING S/S TEE,$36
UNDEFEATED CYCLING S/S TEE,$36
UNDEFEATED CYCLING S/S TEE,$36
UNDEFEATED ELASTIC CAMP HAT,$34
UNDEFEATED ELASTIC CAMP HAT,$34
UNDEFEATED PRINTED BUCKET HAT,$38
UNDEFEATED PRINTED BUCKET HAT,$38
UNDEFEATED CONTRAST LOGO STRAPBACK,$34
UNDEFEATED CONTRAST LOGO STRAPBACK,$34
UNDEFEATED CONTRAST LOGO STRAPBACK,$34
UNDEFEATED MULTICOLOR STRAPBACK,$44
UNDEFEATED MULTICOLOR STRAPBACK,$44
UNDEFEATED MULTICOLOR STRAPBACK,$44
UNDEFEATED PICNIC BLANKET - SKY BLUE,$55
UNDEFEATED POOL FLOATY - BLUE MULTI,$35
UNDEFEATED BEACH BALL - BLUE MULTI,$12
UNDEFEATED WHAM-O FRISBEE,$18
UNDEFEATED WHAM-O FRISBEE,$18
UNDEFEATED SHOOTER SHIRT,$85
UNDEFEATED SHOOTER SHIRT,$85
UNDEFEATED TRACK CREWNECK,$95
UNDEFEATED TRACK CREWNECK,$95
UNDEFEATED KNIT TRACK SHORT,$65
UNDEFEATED KNIT TRACK SHORT,$65
UNDEFEATED ANOINTED S/S TEE,$36
UNDEFEATED ANOINTED S/S TEE,$36
UNDEFEATED ANOINTED S/S TEE,$36
UNDEFEATED ANOINTED S/S TEE,$36
UNDEFEATED RACQUET S/S TEE,$36
UNDEFEATED RACQUET S/S TEE,$36
UNDEFEATED RACQUET S/S TEE,$36
UNDEFEATED RACQUET S/S TEE,$36
UNDEFEATED YELLOW CARD S/S TEE,$36
UNDEFEATED YELLOW CARD S/S TEE,$36
UNDEFEATED YELLOW CARD S/S TEE,$36
UNDEFEATED YELLOW CARD S/S TEE,$36
UNDEFEATED U-MAN SNAPBACK,$34
UNDEFEATED U-MAN SNAPBACK,$34
UNDEFEATED U-MAN SNAPBACK,$34
UNDEFEATED KNIT ICON TRUCKER,$38
UNDEFEATED KNIT ICON TRUCKER,$38
UNDEFEATED SWEATBAND SET,$18
UNDEFEATED SWEATBAND SET,$18
UNDEFEATED ICON POCKET CREWNECK,$95
UNDEFEATED ICON POCKET CREWNECK,$95
UNDEFEATED ICON POCKET CREWNECK,$95
UNDEFEATED MESH HOODIE,$85
UNDEFEATED MESH HOODIE,$85
UNDEFEATED MESH PANT,$80
UNDEFEATED MESH PANT,$80
UNDEFEATED GYMNOS BASKETBALL JERSEY,$65
UNDEFEATED GYMNOS BASKETBALL JERSEY,$65
UNDEFEATED GYMNOS BASKETBALL SHORT,$65
UNDEFEATED GYMNOS BASKETBALL SHORT,$65
UNDEFEATED ICON SHORT,$85
UNDEFEATED ICON SHORT,$85
UNDEFEATED ICON SHORT,$85
UNDEFEATED ICON SS POCKET TEE,$55
UNDEFEATED ICON SS POCKET TEE,$55
UNDEFEATED ICON SS POCKET TEE,$55
UNDEFEATED BALL HARD S/S TEE,$36
UNDEFEATED BALL HARD S/S TEE,$36
UNDEFEATED BALL HARD S/S TEE,$36
UNDEFEATED BALL HARD S/S TEE,$36
UNDEFEATED GAME OF DEATH S/S TEE,$36
UNDEFEATED GAME OF DEATH S/S TEE,$36
UNDEFEATED GAME OF DEATH S/S TEE,$36
UNDEFEATED GAME OF DEATH S/S TEE,$36
UNDEFEATED ALL NET S/S TEE,$36
UNDEFEATED ALL NET S/S TEE,$36
UNDEFEATED ALL NET S/S TEE,$36
UNDEFEATED ALL NET S/S TEE,$36
UNDEFEATED GLOBALLS S/S TEE,$36
UNDEFEATED GLOBALLS S/S TEE,$36
UNDEFEATED GLOBALLS S/S TEE,$36
UNDEFEATED GLOBALLS S/S TEE,$36
UNDEFEATED SMOKING EAGLE S/S TEE,$36
UNDEFEATED SMOKING EAGLE S/S TEE,$36
UNDEFEATED SMOKING EAGLE S/S TEE,$36
UNDEFEATED SMOKING EAGLE S/S TEE,$36
UNDEFEATED PERFORMANCE S/S TEE,$36
UNDEFEATED PERFORMANCE S/S TEE,$36
UNDEFEATED PERFORMANCE S/S TEE,$36
UNDEFEATED PERFORMANCE S/S TEE,$36
UNDEFEATED X NE ICON FITTED,$38
UNDEFEATED X NE ICON FITTED,$38
UNDEFEATED X NE ICON FITTED,$38
UNDEFEATED GYMNOS CAMP HAT,$38
UNDEFEATED GYMNOS CAMP HAT,$38
UNDEFEATED PRECISION SNAPBACK,$34
UNDEFEATED PRECISION SNAPBACK,$34
UNDEFEATED PRECISION SNAPBACK,$34
UNDEFEATED ATHLTC DEPT TRUCKER,$38
UNDEFEATED ATHLTC DEPT TRUCKER,$38
UNDEFEATED BACKPACK,$90
UNDEFEATED BACKPACK,$90
UNDEFEATED BACKPACK,$90
UNDEFEATED WAIST BAG,$48
UNDEFEATED WAIST BAG,$48
UNDEFEATED WAIST BAG,$48
UNDEFEATED RIPSTOP CHORE JACKET - NAVY,$128
UNDEFEATED LOGO PULLOVER HOODIE,$120
UNDEFEATED LOGO PULLOVER HOODIE,$120
UNDEFEATED LOGO PULLOVER HOODIE,$120
UNDEFEATED L/S TEE,$58
UNDEFEATED L/S TEE,$58
UNDEFEATED L/S TEE,$58
UNDEFEATED SEAMED LOGO SHORT,$85
UNDEFEATED SEAMED LOGO SHORT,$85
UNDEFEATED SEAMED LOGO SHORT,$85
UNDEFEATED RIPSTOP SHORT - NAVY,$85
UNDEFEATED PSYCHO CIRCLE S/S TEE,$36
UNDEFEATED PSYCHO CIRCLE S/S TEE,$36
UNDEFEATED PSYCHO CIRCLE S/S TEE,$36
UNDEFEATED PSYCHO CIRCLE S/S TEE,$36
UNDEFEATED SPORT S/S TEE,$36
UNDEFEATED SPORT S/S TEE,$36
UNDEFEATED SPORT S/S TEE,$36
UNDEFEATED SPORT S/S TEE,$36
UNDEFEATED HEY BATTER S/S TEE,$36
UNDEFEATED HEY BATTER S/S TEE,$36
UNDEFEATED HEY BATTER S/S TEE,$36
UNDEFEATED HEY BATTER S/S TEE,$36
UNDEFEATED LOGO STRAPBACK,$44
UNDEFEATED LOGO STRAPBACK,$44
UNDEFEATED LOGO STRAPBACK,$44
UNDEFEATED METALLIC ANORAK,$175
UNDEFEATED METALLIC ANORAK,$175
UNDEFEATED NYLON CHEMICAL JACKET,$168
UNDEFEATED NYLON CHEMICAL JACKET,$168
UNDEFEATED RANGE PULLOVER HOODIE,$98
UNDEFEATED RANGE PULLOVER HOODIE,$98
UNDEFEATED RANGE PULLOVER HOODIE,$98
UNDEFEATED METALLIC TRACK PANT,$135
UNDEFEATED METALLIC TRACK PANT,$135
UNDEFEATED NYLON CARGO PANT,$148
UNDEFEATED NYLON CARGO PANT,$148
UNDEFEATED LOGO STRIPE S/S TOP,$55
UNDEFEATED LOGO STRIPE S/S TOP,$55
UNDEFEATED LOGO DROP L/S TEE,$40
UNDEFEATED LOGO DROP L/S TEE,$40
UNDEFEATED LOGO DROP L/S TEE,$40
UNDEFEATED LOGO DROP L/S TEE,$40
UNDEFEATED 3D S/S TEE,$36
UNDEFEATED 3D S/S TEE,$36
UNDEFEATED 3D S/S TEE,$36
UNDEFEATED 3D S/S TEE,$36
UNDEFEATED RUN 2020 S/S TEE,$36
UNDEFEATED RUN 2020 S/S TEE,$36
UNDEFEATED RUN 2020 S/S TEE,$36
UNDEFEATED RUN 2020 S/S TEE,$36
UNDEFEATED BACKSPIN S/S TEE,$36
UNDEFEATED BACKSPIN S/S TEE,$36
UNDEFEATED BACKSPIN S/S TEE,$36
UNDEFEATED BACKSPIN S/S TEE,$36
UNDEFEATED METALLIC TOTE BAG,$54
UNDEFEATED METALLIC TOTE BAG,$54
UNDEFEATED LOGO TRACK JACKET,$148
UNDEFEATED LOGO TRACK JACKET,$148
UNDEFEATED ICON PULLOVER HOODIE,$110
UNDEFEATED ICON PULLOVER HOODIE,$110
UNDEFEATED ICON PULLOVER HOODIE,$110
UNDEFEATED ICON PULLOVER HOODIE,$110
UNDEFEATED LOGO TRACK PANT,$128
UNDEFEATED LOGO TRACK PANT,$128
UNDEFEATED ICON SHORT,$85
UNDEFEATED ICON SHORT,$85
UNDEFEATED ICON SHORT,$85
UNDEFEATED ICON SHORT,$85
UNDEFEATED JACQUARD ICON L/S TOP,$85
UNDEFEATED JACQUARD ICON L/S TOP,$85
UNDEFEATED VERTICAL PULLOVER HOODIE,$108
UNDEFEATED VERTICAL PULLOVER HOODIE,$108
UNDEFEATED VERTICAL PULLOVER HOODIE,$108
UNDEFEATED SHOP CREWNECK,$88
UNDEFEATED SHOP CREWNECK,$88
UNDEFEATED SHOP CREWNECK,$88
UNDEFEATED REVERSIBLE S/S TEE,$65
UNDEFEATED REVERSIBLE S/S TEE,$65
UNDEFEATED LOGO L/S TEE,$40
UNDEFEATED LOGO L/S TEE,$40
UNDEFEATED LOGO L/S TEE,$40
UNDEFEATED LOGO L/S TEE,$40
UNDEFEATED ICON L/S TEE,$40
UNDEFEATED ICON L/S TEE,$40
UNDEFEATED ICON L/S TEE,$40
UNDEFEATED ICON L/S TEE,$40
UNDEFEATED LOGO S/S TEE,$36
UNDEFEATED LOGO S/S TEE,$36
UNDEFEATED LOGO S/S TEE,$36
UNDEFEATED LOGO S/S TEE,$36
UNDEFEATED ICON S/S TEE,$36
UNDEFEATED ICON S/S TEE,$36
UNDEFEATED ICON S/S TEE,$36
UNDEFEATED ICON S/S TEE,$36
UNDEFEATED OFFICIAL FLAGS S/S TEE,$36
UNDEFEATED OFFICIAL FLAGS S/S TEE,$36
UNDEFEATED OFFICIAL FLAGS S/S TEE,$36
UNDEFEATED OFFICIAL FLAGS S/S TEE,$36
UNDEFEATED BOONIE HAT,$40
UNDEFEATED BOONIE HAT,$40
UNDEFEATED BOONIE HAT,$40
UNDEFEATED THIEF'S THEME SNAPBACK,$44
UNDEFEATED THIEF'S THEME SNAPBACK,$44
UNDEFEATED THIEF'S THEME SNAPBACK,$44
UNDEFEATED STACKING TRUCKER - BLACK,$34
UNDEFEATED WORLDWIDE ELASTIC STRAPBACK,$38
UNDEFEATED WORLDWIDE ELASTIC STRAPBACK,$38
UNDEFEATED WORLDWIDE ELASTIC STRAPBACK,$38
UNDEFEATED LOGO CREW SOCK,$16
UNDEFEATED LOGO CREW SOCK,$16
UNDEFEATED LOGO CREW SOCK,$16
UNDEFEATED LOGO PED SOCK,$14
UNDEFEATED LOGO PED SOCK,$14
UNDEFEATED LOGO PED SOCK,$14
UNDEFEATED TRAVEL POUCH SET,$38
UNDEFEATED TRAVEL POUCH SET,$38
UNDEFEATED BANDANA,$18
UNDEFEATED BANDANA,$18
UNDEFEATED REPEAT LOGO BEACH TOWEL - BLUE,$48
UNDEFEATED APPLIQUE NECK TOWEL - BLACK,$28
UNDEFEATED TIRE GAUGE - BLACK,$5
UNDEFEATED LOGO UMBRELLA - BLACK,$64
UNDEFEATED MAGNET SET - MULTI,$12
UNDEFEATED ICON CAR FRESHENER - MULTI,$8
UNDEFEATED INCENSE - MULTI,$18
CHUCK 70 HI - OBSIDIAN/EGRET/BLACK,$85
CONVERSE X NBHD CHUCK 70 MOTO HI - BLACK,$44
WOMEN'S AIR FORCE 1 '07 - WHITE,$90
AJ 7 RETRO SE - NEUTRALGREY/ SUMMITWHITE/ PINKFOAM,$75
CONVERSE X NBHD JACK PURCELL OX - BLACK/EGRET,$40
CONVERSE X THE SOLOIST ERX 260 HI - BLACK/BLACK,$66
CHUCK 70 HI - VIVIDSULFUR/BLACK/EGRET,$36
OG ERA LX - OLDGOLD/FIR,$26
ADIDAS X MISSONI ULTRABOOST CLIMA - CBLACK/FTWWHT/ACTRED,$125
NIKE X STRANGER THINGS CORTEZ - UNIVERSITYRED/WHITE,$48
ADIDAS X MISSONI ULTRABOOST CLIMA - FTWWHT/ACTRED,$125
ACG MOC 3.0 - GREENSTRIKE/ VIVIDPURPLE,$100
YEEZY DESERT RAT 500 HIGH - SLATE,$220
NIKE X STRANGER THINGS PRO CAP QS - BLACK/WHITE/UNIVERSITYRED,$12
NIKE X STRANGER THINGS CLUB PANT - FIR/WHITE/SAIL,$26
NIKE X STRANGER THINGS TEE - BLACK/UNIVERSITYRED,$16
NIKE X STRANGER THINGS TEE - COLLEGENAVY/SAIL,$16
NIKE X STRANGER THINGS TEE - FIR/SAIL,$16
NIKE X STRANGER THINGS CLUB PANT - DKGREYHEATHER/WHITE/FIR,$26
NIKE X STRANGER THINGS TEE - DKGREYHEATHER/FIR,$16
NIKE X STRANGER THINGS PRO CAP QS - FIR,$13
WOMEN'S U.S. STADIUM JERSEY 2019 - WHITE/BLUEVOID,$36
NRG ACG PANT CARGO WVN - WHEAT,$72
CONVERSE X ROKIT UTILITY VEST - BLACK,$120
CONVERSE X ROKIT PULLOVER HOODIE - BLACK,$90
CONVERSE X ROKIT CHUCK 70 HI - BLACK/ WHITE,$110
AJ 1 LOW SE - BLACK/ WHITE/ MAGENTA,$100
BAPE PATCHWORK FULL ZIP HOODIE - MULTI,$399
BAPE COLOR CAMO STA S/S SHIRT,$289
BAPE COLOR CAMO STA S/S SHIRT,$289
BAPE PATCHWORK COLLEGE TEE - WHITE,$115
BAPE BABY MILO RUG MAT - BROWN,$219
ADIDAS X HUMAN MADE SUPERSTAR80s - WHITE,$140
YEEZY BOOST 380 - MIST,$230
"990 V5 ""MADE IN USA"" - GREY",$175
NRG ACG TOP - GAMEROYAL/SPORTFUCHSIA,$44
MEN'S U.S. STADIUM JERSEY 2019 - WHITE/BLUEVOID/UNIVERSITYRED,$36
MEN'S FFF 2019 STADIUM AWAY JERSEY - WHITE/P488C,$36
MEN'S ENGLAND 2019 STADIUM AWAY JERSEY - TEAMRED/PHANTOM,$36
BAPE COLOR CAMO BAPE FULL ZIP HOODIE,$359
BAPE COLOR CAMO BAPE FULL ZIP HOODIE,$359
MEN'S U.S. STADIUM JERSEY 2019 - SPEEDRED/BRIGHTBLUE,$36
NIKE X MMW 2.0 2-IN-1 SHORT - BLACK,$100
NIKE X MMW WOMEN'S 2.0 JKT HD - BLACK,$200
NIKE X MMW WOMEN'S 2.0 BODYSUIT - LEGIONGREEN,$112
BAPE 1ST CAMO SHARK CREWNECK - GREEN,$305
NIKE X MMW WOMEN'S 2.0 AEROADAPT BRA - BLACK,$30
NIKE X MMW WOMEN'S 2.0 2-IN-1 SKIRT - BLACK,$120
NIKE X MMW 2.0 LS AOP TOP - LEGIONGREEN,$40
NIKE X MMW 2.0 JKT HD FLC - BLACK,$200
NIKE X GYAKUSOU NRG TOP SS 2 - MINERALYELLOW/BLACK,$20
NIKE X GYAKUSOU NRG TOP SS 1 - SPORTRED/SAIL,$20
NIKE X GYAKUSOU NRG TOP SS - SPORTRED/THUNDERBLUE/SAIL,$32
ADIDAS X MISSONI SUPERNOVA TEE - BLACK/DARKGREY/WHITE,$56
NRG ACG TOP AOP - HYPERROYAL/BLACK,$48
NIKE X GYAKUSOU NRG HELIX TIGHT - THUNDERBLUE/SPORTRED/SAIL,$56
WOMEN'S U.S. STADIUM JERSEY 2019 - SPEEDRED/BRIGHTBLUE,$36
BAPE 1ST CAMO SHARK DAY PACK - BLACK,$275
BAPE 1ST CAMO BUCKET HAT,$119
BAPE 1ST CAMO BUCKET HAT,$119
OG LAMPIN LX (SUEDE/CANVAS) - GREEN/ BLUE/ PINK,$80
AIR FORCE 1 '07 - WHITE,$90
WOMEN'S ZOOM X VISTA GRIND - FOSSILSTONE/ SAIL/ HYPERBLUE,$160
WOMEN'S AIR MAX TRIAX 96 - WHITE/ LAGOON/ NEWPORTBLUE/ BLACK,$140
REACT ELEMENT 87 - BLACK/REDORBIT/WHITE/GREENABYSS,$160
BAPE 1ST CAMO 2ND APE PULLOVER HOODIE - GREEN,$429
BAPE ABC CAMO BAPE CREWNECK,$275
BAPE ABC CAMO BAPE CREWNECK,$275
BAPE RELAXED COLLEGE CREWNECK,$275
BAPE RELAXED COLLEGE CREWNECK,$275
BAPE 1ST CAMO SHARK SLIM SWEAT PANTS - GREEN,$295
BAPE ABC CAMO SHARK SWEAT SHORTS,$265
BAPE ABC CAMO SHARK SWEAT SHORTS,$265
CHUCK 70 HI - TOTALORANGE/ EGRET/ BLACK,$85
CHUCK 70 OX - MALACHITE/ BLACK/ EGRET,$80
CHUCK 70 OX - BLACK/ ENAMELRED/ EGRET,$80
CORTEZ BASIC - WHITE/ VARSITYRED/ VARSITYROYAL,$75
"992 ""MADE IN USA"" - MULTI-COLOR",$175
PATTA EMBLEM CREWNECK SWEATER - BLACK,$74
PATTA EMBLEM JOGGING PANTS - BLACK,$78
WOMEN'S AIR MAX 90 SP - METALLICGOLD/ CLUBGOLD,$54
AIR MAX 90 CRIB QS - METALLICGOLD/ CLUBGOLD,$15
WOMEN'S AIR MAX 90 SP - CHROME/ PUREPLATINUM/ WHITE,$54
AIR MAX 90 CRIB QS - CHROME/ PUREPLATINUM/ WHITE,$15
ADIDAS X UNDEFEATED ULTRABOOST - BLKWHI,$88
GS AJ 4 RETRO SE - COOLGREY/ VOLT/ WOLFGREY/ ANTHRACITE,$48
ADIDAS X PUSHA T OZWEEGO COD - BLACK,$45
LEBRON VII QS - BLACK/ VARSITYRED/ VARSITYMAIZE,$60
TORSION TRDC - TECIND/GLOPNK/CGREEN,$26
CONVERSE X PIGALLE CHUCK 70 OX - MULTI/BLACK/EGRET,$36
SUPERSTAN - FTWWHT/GREEN,$40
NIKE X UNDEFEATED AIR MAX 90 - PACIFICBLUE/ VIVIDPURPLE,$150
NIKE X UNDEFEATED PS AIR MAX 90 - PACIFICBLUE/ VIVIDPURPLE,$90
NIKE X UNDEFEATED TD AIR MAX 90 - PACIFICBLUE/ VIVIDPURPLE,$75
NIKE X UNDEFEATED AIR MAX 90 HOODIE - BLACK,$70
NIKE X UNDEFEATED AIR MAX 90 HOODIE - COLLEGENAVY,$70
NIKE X UNDEFEATED AIR MAX 90 LS TEE - WHITE,$40
NIKE X UNDEFEATED AIR MAX 90 LS TEE - BLACK,$40
NIKE X UNDEFEATED AIR MAX 90 TEE - WHITE,$35
NIKE X UNDEFEATED AIR MAX 90 TEE - BLACK,$35
CONSORTIUM RUNNER EVO 4D - CBLACK/CWHITE,$140
ADIDAS X PUSHA T OZWEEGO - COREBLACK,$52
ADIDAS X DOE ULTRABOOST 19 - COREWHITE/POWERRED,$88
ADIDAS X WOOD WOOD ULTRABOOST 19 - COREBLACK,$80
ADIDAS X WOOD WOOD ULTRABOOST 19 - LINEN,$80
ADIDAS X PUSHA T OZWEEGO - TECHMINERAL,$52
SC PREMIERE - GRETWO/LBROWN,$48
AIR MAX 95 BHM - MULTI-COLOR/KINETICGREEN/PHOTONDUST,$72
AIR FORCE 1 LOW BHM - DKSMOKEGREY/TRACKRED,$52
GS AJ 3 RETRO SE - FIRERED/CEMENTGREY/BLACK,$35
AJ 13 RETRO CNY - PALEIVORY/BLACK/DIGITALPINK/CLUBGOLD,$50
NRG JKT SWOOSH STRIPE - UNIVERSITYRED/MIDNIGHTNAVY,$70
AIR MAX TRIAX 96 - WHITE/UNIVERSITYRED/BLACK/SILVER,$52
NIKE X MMW JOYRIDE CC3 SETTER - WOLFGREY/WHITE/UNIVERSITYRED,$80
AIR MAX TRIAX 96 - WHITE/VARSITYROYAL/BLACK/SPIRITTEAL,$52
NIKE X MMW JOYRIDE CC3 SETTER - BLACK/UNIVERSITYRED,$80
NIKE X OFF-WHITE WOMEN'S NRG XCROSS BIB #1 - OPTIYELLOW,$80
NIKE X OFF-WHITE WOMEN'S NRG JACKET #1 AOP - VOLT,$120
NIKE X OFF-WHITE WOMEN'S NRG XCROSS BIB #1 - BLACK,$80
WOMEN'S AIR FORCE 1 SP - CHROME/METALLICSILVER/WHITE,$60
WOMEN'S AIR FORCE 1 SP - METALLICGOLD/CLUBGOLD/WHITE,$60
AIR MAX PLUS III - BLACK/CHAMOIS/HYPERBLUE/WHITE,$76
NIKE X UNDERCOVER NRG TC TOP SS POCKET - BLACK/WHITE,$40
NIKE X UNDERCOVER NRG TC TOP SS POCKET - LICHENBROWN/WHITE,$40
NIKE X UNDERCOVER AIR MAX 720 - UNIVERSITYRED/BLUEJAY,$80
NIKE X UNDERCOVER AIR MAX 720 - BLACK/UNIVERSITYRED,$80
BLAZER MID '77 VINTAGE - WHITE/ LIGHTBONE/ SAIL,$100
PW NIZZA HI RF - ECRTIN/ CWHITE/ CBROWN,$110
PW CONTINENTAL 80 - ECRTIN/ CWHITE/ CBROWN,$100
PW CAMPUS - ECRTIN/ CWHITE/ CBROWN,$100
"992 ""MADE IN USA"" - TAN",$175
AIR MAX 90 - WHITE/PARTICLEGREY/ROSE/BLACK,$120
REACT VISION - LIGHTBONE/ TERRABLUSH/ PHOTOBLUE,$140
EPOCH SPORT LX (NUBUCK/LEATHER)  - RAVEN/ BLACK,$80
EPOCH SPORT LX (NUBUCK/LEATHER)  - YELLOW,$80
SK8-HI REISSUE VL (LEATHER) - BONNIE,$120
SK8-HI REISSUE VL (LEATHER) - CHLPEP,$120
SB GTS RETURN PREMIUM - SPORTRED/PUREPLATINUM/BLACK,$85
UNDEFEATED X MEDICOM UMAN KEYCHAIN - CHROME,$15
UNDEFEATED X MEDICOM UMAN KEYCHAIN - GOLD,$15
UNDEFEATED X MEDICOM UMAN KEYCHAIN - BLACK,$15
UNDEFEATED X MEDICOM UMAN KEYCHAIN - OLIVE,$15
UNDEFEATED X MEDICOM UMAN KEYCHAIN - BLACK/RED,$15
UNDEFEATED X MEDICOM UMAN KEYCHAIN - PURPLE/YELLOW,$15
BAPE BOA SNOWBOARD JACKET - BEIGE,$599
BAPE COLOR CAMO TIGER FULL ZIP HOODIE,$455
BAPE COLOR CAMO TIGER FULL ZIP HOODIE,$455
BAPE FLAME WIDE FULL ZIP HOODIE - ORANGE,$385
BAPE FLAME SLIM SWEAT PANTS - ORANGE,$305
BAPE 1ST CAMO CREWNECK,$275
BAPE 1ST CAMO CREWNECK,$275
CONVERSE X MIDNIGHT STUDIOS PRO LEATHER HI - WHITE/EGRET/BLACK,$120
AIR MAX 90 - WHITE/PARTICLEGREY/HYPERTURQ/BLACK,$120
BLAZER MID '77 VINTAGE - WHITE/RACERBLUE/SAIL,$100
BLAZER MID '77 VINTAGE - WHITE/ BLACK,$100
ADAPT BB 2.0 - BLACK/WHITE/BRIGHTCRIMSON,$400
"990 V5 ""MADE IN USA"" - ANDROMEDABLUE/TEAMRED/BLACK",$175
LEBRON VII QS - CHLORINEBLUE/BLACK,$200
WOMEN'S VISTA LITE - WHITE/LASERCRIMSON/PHOTONDUST,$100
WOMEN'S ZOOM X VISTA GRIND - BARELYVOLT/MAGICFLAMINGO/WHITE,$160
AJ 1 LOW - NOBLERED/BLACK/WHITE,$90
BAPE ABC CAMO PLACE MAT,$45
BAPE ABC CAMO PLACE MAT,$45
BAPE ABC CAMO PLACE MAT,$45
BAPE ABC CAMO TUMBLER,$55
BAPE ABC CAMO TUMBLER,$55
BAPE ABC CAMO TUMBLER,$55
JASON MARKK ESSENTIAL KIT,$16
BAPE CHOPSTICK REST SET - BROWN,$59
JASON MARKK SUEDE KIT,$12
BAPE COLOR CAMO SKATEBOARD,$189
BAPE COLOR CAMO SKATEBOARD,$189
BAPE COLOR CAMO SKATEBOARD,$189
BAPE MOTOR SPORT GLOVES - BLACK,$119
BAPE FLAME SOCKS - ORANGE,$39
AJ 1 MID SE - BLACK/SMOKEGREY/SAIL,$125
CLASSIC SLIP-ON (CHERRIES) - BLACK,$65
AIR FLIGHT 89 - WHITE/DARKROYALBLUE/VARSITYRED,$120
WOMEN'S AIR MAX 90 - WHITE/PARTICLEGREY/HYPERGRAPE/BLACK,$120
GEL-NIMBUS 22 - BLACK,$150
GEL-NIMBUS 22 RETRO TOKYO - WHITE/ELECTRICBLUE,$150
GEL-1090 - WHITE/MIDNIGHT,$95
BAPE COLOR BLOCK DOWN JACKET - BLACK,$579
BAPE SHARK DENIM COVERALL JACKET - INDIGO,$579
BAPE MOTOR SPORT BOMBER DOWN JACKET - BLACK,$649
BAPE 1ST CAMO PULLOVER HOODIE,$319
BAPE 1ST CAMO PULLOVER HOODIE,$319
OG SK8-HI LX (SUEDE/CANVAS) - BLACK/TRWHT,$85
OG SK8-HI LX (SUEDE/CANVAS) - NAVY/STVNVY,$85
OG OLD SKOOL LX (SUEDE/CANVAS) - NAVY/STVNVY,$75
BAPE PANEL CAP,$105
BAPE PANEL CAP,$105
850 OG - WHITE/BLUE,$100
AIR FORCE 1 '07 PREMIUM - CHROMEYELLOW/BLACK/CLUBGOLD/WHITE,$130
NEW BALANCE X NO VACANCY INN 850 - NAVY/RED/WHITE,$120
NEW BALANCE X NO VACANCY INN 850 - TAN/RED/WHITE,$120
CONVERSE X WACKO MARIA CHUCK 70 HI - BROWN/EGRET/BLACK,$110
CONVERSE X WACKO MARIA CHUCK 70 OX - OLIVE/EGRET/BLACK,$100
LEBRON VII QS - TEAMRED/METALLICSILVER/BLACK/HOTRED,$200
032C SALVATION - CWHITE,$180
PUMA X ALEXANDER JOHN RS-X MIXTAPE - PUMAWHITE/PUMAROYAL,$150
CONVERSE X ASAP NAST JACK PURCELL CHUKKA MID - BLACK/SILVER,$120
CONVERSE X ASAP NAST JACK PURCELL CHUKKA MID - CHERRYTOMATO,$120
ASICS X BEAMS GEL-FUJITRABUCO 7 GORE-TEX SPS - GLACIERGREY,$170
GEL-1090 - WHITE/BLACK,$100
GEL-KAYANO 5 360 - SHEETROCK/SILVER,$150
CONVERSE X UNDERCOVER CHUCK 70 OX - BLACK/WHITE/EGRET,$110
CONVERSE X UNDERCOVER CHUCK 70 HI - BLACK/WHITE/EGRET,$120
NIKE X OFF-WHITE WOMEN'S VAPOR STREET - BLACK/WHITE/LASERFUCHSIA,$190
BAPE COLOR CAMO COLOR BLOCK RUNNING CAP,$135
BAPE COLOR CAMO COLOR BLOCK RUNNING CAP,$135
BLAZER MID '77 VINTAGE - WHITE/OPTIYELLOW,$100
CONVERSE X GOLF GIANNO OX - CONCORD/MEERKAT,$130
AIR FORCE 1 - OBSIDIAN/UNIVERSITYGOLD/WHITE,$90
AIR FORCE 1 - WOLFGREY/UNIVERSITYRED/WHITE,$90
AIR GHOST RACER - ORANGEPEEL/APHIDGREEN/PUREPLATINUM,$130
OG STYLE 36 LX (CORDUROY CANVAS) - RUBBER/CLASSICGREEN,$80
REACT SERTU - WOLFGREY/TEALTINT/PUMICE,$150
WOMEN'S ZOOM X VISTA GRIND - PALEIVORY/COOLGREY/BLACK,$160
AIR MAX UPTEMPO '95 - WHITE/PHOTOBLUE/BLACK,$160
LEBRON VII QS - WHITE/BLACK/GLASSBLUE/CHALLENGERED,$200
OZWEEGO TECH - CLEARGRANITE,$140
NIKE X UNINTERRUPTED PS AIR FORCE 1 '07 QS - WHITE/RACERBLUE,$75
NIKE X UNINTERRUPTED TD AIR FORCE 1 '07 QS - WHITE/RACERBLUE,$65
NIKE X UNINTERRUPTED CRIB AIR FORCE 1 '07 QS - WHITE/RACERBLUE,$50
BAPE 1ST CAMO JET CAP,$135
BAPE 1ST CAMO JET CAP,$135
ADIDAS X UNDEFEATED GSG9 - BLKWHI/LGTGRE/ORANGE,$160
ACG ZOOM TERRA ZAHERRA - AVIATORGREY/BARELYVOLT/VASTGREY,$180
GHOSWIFT - WHITE/BLACK/DYNAMICYELLOW,$100
GHOSWIFT - BLACK/WHITE/DEEPROYALBLUE,$100
REACT SERTU - BLACKENEDBLUE/BLACK/SAIL,$150
NIKE X UNINTERRUPTED AIR FORCE 1 '07 QS - WHITE/RACERBLUE,$130
BAPE MULTI COLOR SNOWBOARD JACKET - MULTI,$559
BAPE GRADATION CAMO MASK CAP,$175
BAPE GRADATION CAMO MASK CAP,$175
BAPE GRADATION CAMO MILITARY HAT,$125
BAPE GRADATION CAMO MILITARY HAT,$125
BAPE ABC CAMO RELAXED COACH JACKET - GREEN,$389
BAPE 1ST CAMO SHORTS,$235
BAPE 1ST CAMO SHORTS,$235
CDG X CONVERSE PLAY MULTI HEART CTAS '70 LOW,$150
CDG X CONVERSE PLAY MULTI HEART CTAS '70 LOW,$150
CHUCK 70 HI - BLACK/EGRET,$90
CHUCK 70 HI - MIDNIGHTTURQ/BLACK/EGRET,$90
CHUCK 70 HI ARCHIVE RESTRUCTURED - BLACK/WHITE/EGRET,$120
CHUCK 70 HI ARCHIVE RESTRUCTURED - WHITE/GARNET/EGRET,$120
WOMEN'S FE/NOM FLYKNIT SPORTS BRA - WHITE/PUREPLATINUM,$80
WOMEN'S FE/NOM FLYKNIT SPORTS BRA - BLACK/DARKGREY,$32
WOMEN'S ONE LUX 7/8 TIGHTS - BLACK/CLEAR,$90
WOMEN'S ONE LUX CROPS - BLACK/CLEAR,$34
WOMEN'S MADE IN AMERICA 990 - GREY,$175
MADE IN AMERICA 990 - BLACK/SILVER,$175
BAPE COLOR CAMO COLOR BLOCK SHORTS,$249
BAPE COLOR CAMO COLOR BLOCK SHORTS,$249
BAPE FOREST CAMO TRACK SHORTS - BEIGE,$205
BAPE TIE DYE SHARK WIDE FULL ZIP HOODIE - MULTI,$489
BAPE TIE DYE TEE - MULTI,$159
BAPE COLOR BLOCK TRACK PANTS - BURGUNDY,$265
BAPE BEACH PANTS,$189
BAPE BEACH PANTS,$189
BAPE DETACHABLE SLEEVE JACKET - GREEN,$419
BAPE DETACHABLE LEGS PANTS - GREEN,$295
BAPE COLOR CAMO COLOR BLOCK JACKET - RED,$429
BAPE COLOR CAMO COLOR BLOCK PANTS - RED,$319
BAPE 1ST CAMO COLOR BLOCK PADDED JACKET - GREEN,$519
BAPE 1ST X COLOR CAMO 2ND APE HALF FULL ZIP,$489
BAPE 1ST X COLOR CAMO 2ND APE HALF FULL ZIP,$489
BAPE ABC DU-RAG,$85
BAPE ABC DU-RAG,$85
BAPE ABC DU-RAG,$85
BAPE ABC DU-RAG,$85
BAPE FOREST CAMO TRACK PANTS - BEIGE,$295
CHUCK 70 HI - PARCHMENT/GARNET/EGRET,$85
CHUCK 70 HI - BLACK/EGRET,$85
OG CLASSIC SLIP-ON (CHECKERBOARD) - BLK/WHT,$60
YEEZY DESERT RAT 500 - STONE,$200
ADIDAS X HUMAN MADE SUPERSTAR80s - WHITE/ BLACK/ GOLDFOIL,$140
